{
    "2406": 4807,
    "ARTA": 4807,
    "AUCK": 4809,
    "AUKT": 4809,
    "AUTO": 4815,
    "AVLN": 4804,
    "BLUF": 4801,
    "BTHL": 4804,
    "CHTI": 4803,
    "CLRR": 4802,
    "CMBL": 4802,
    "CORM": 4809,
    "DNVK": 4806,
    "DUND": 4801,
    "DUNT": 4801,
    "GISB": 4806,
    "GLDB": 4802,
    "GSAA": 4809,
    "GSAB": 4803,
    "GSAM": 4803,
    "GSAY": 4809,
    "GSBA": 4801,
    "GSBD": 4809,
    "GSBF": 4803,
    "GSBN": 4802,
    "GSBR": 4803,
    "GSCA": 4807,
    "GSCC": 4803,
    "GSCL": 4809,
    "GSCM": 4801,
    "GSCT": 4803,
    "GSDA": 4803,
    "GSDR": 4809,
    "GSGL": 4809,
    "GSGR": 4801,
    "GSHO": 4807,
    "GSHT": 4807,
    "GSHU": 4809,
    "GSHW": 4806,
    "GSIN": 4801,
    "GSKA": 4803,
    "GSKK": 4809,
    "GSLE": 4803,
    "GSLI": 4803,
    "GSLW": 4801,
    "GSLX": 4801,
    "GSM2": 4801,
    "GSMA": 4807,
    "GSMD": 4809,
    "GSMH": 4809,
    "GSMO": 4807,
    "GSNA": 4806,
    "GSNE": 4802,
    "GSNP": 4806,
    "GSOK": 4807,
    "GSOM": 4801,
    "GSOX": 4803,
    "GSP2": 4804,
    "GSPC": 4802,
    "GSPE": 4809,
    "GSPK": 4809,
    "GSPL": 4809,
    "GSPM": 4806,
    "GSPN": 4806,
    "GSPO": 4809,
    "GSPP": 4807,
    "GSPU": 4807,
    "GSQT": 4801,
    "GSQU": 4801,
    "GSRA": 4801,
    "GSRL": 4803,
    "GSRO": 4807,
    "GSSB": 4809,
    "GSTA": 4801,
    "GSTH": 4809,
    "GSTI": 4803,
    "GSTK": 4809,
    "GSTR": 4807,
    "GSTU": 4807,
    "GSTW": 4801,
    "GSUH": 4804,
    "GSUT": 4809,
    "GSWA": 4804,
    "GSWH": 4807,
    "GSWI": 4809,
    "GSWR": 4809,
    "GSWU": 4806,
    "HAAS": 4802,
    "HAMT": 4807,
    "HANM": 4803,
    "HAST": 4806,
    "HIKB": 4806,
    "HOKI": 4802,
    "JTGT": 4802,
    "KAIK": 4802,
    "KTIA": 4809,
    "LEVN": 4804,
    "LEXA": 4801,
    "LKTA": 4803,
    "LY2T": 4803,
    "MAHO": 4807,
    "MAVL": 4801,
    "METH": 4803,
    "MQZG": 4803,
    "MRBL": 4803,
    "MTJO": 4803,
    "NLSN": 4802,
    "NPLY": 4806,
    "NSFT": 4802,
    "NTGT": 4806,
    "OUSD": 4801,
    "PAEK": 4804,
    "PYGR": 4801,
    "RGAR": 4807,
    "RGUT": 4807,
    "TAUP": 4807,
    "TBWT": 4806,
    "TKHL": 4802,
    "TRNG": 4807,
    "TRWH": 4804,
    "VGMT": 4806,
    "WAIM": 4803,
    "WANG": 4806,
    "WARK": 4809,
    "WEST": 4802,
    "WGTN": 4804,
    "WGTT": 4804,
    "WHKT": 4807,
    "WHNG": 4809,
    "WRAU": 4802,
    "WRPA": 4804,
    "YALD": 4803
}